day_of_week,average_counts
Wednesday,22.848113088076996
Tuesday,21.72339286276733
Friday,23.94567153825537
Thursday,21.912688124446692
Saturday,26.99172420315899
Monday,22.972885477859894
Sunday,26.638852899352187
